filename,sample_id,species,seg_failed,mean_R,mean_G,mean_B,greenness_idx,redness_idx,mean_L,mean_a,mean_b,std_L,std_a,std_b,glcm_contrast,glcm_homogeneity,glcm_energy,glcm_correlation,area_px,aspect_ratio,extent,solidity,compactness
CN001_CN_20250626_0001.jpg,CN001,CN,False,120.5111589444418,167.75562527559657,9.664155675581677,0.5736780324283596,0.4019397002902479,63.288352966308594,-35.391971588134766,62.64260482788086,9.582775115966797,3.9803717136383057,8.484620094299316,1.3448892624725481,0.8424746635166335,0.334251439256949,0.9894912667279991,1932172,0.8165487207403375,0.7012055888223553,0.9782723385209555,0.6114461927350648
CN002_CN_20250626_0002.jpg,CN002,CN,False,106.30502645733809,155.0989184468209,9.749903362164488,0.598362290662005,0.3803855965441874,58.456417083740234,-35.003238677978516,58.216007232666016,13.824040412902832,5.2869110107421875,11.641815185546875,2.537524759024759,0.7756010611107473,0.21340013003703887,0.9736884849993659,2403303,0.7792207792207793,0.8323127272727273,0.9897414271318044,0.7241353999861886
CN003_CN_20250626_0003.jpg,CN003,CN,False,110.08132897263627,159.54451999160852,13.154910894391161,0.5800973324462387,0.3862596678373377,60.154300689697266,-35.623687744140625,59.102020263671875,10.287803649902344,4.096601963043213,8.052340507507324,2.128038277369927,0.7947747141116335,0.36141144453311735,0.9829027084189073,1859030,0.7978723404255319,0.6592304964539007,0.9851169721416172,0.6808618421342485
CN004_CN_20250626_0004.jpg,CN004,CN,False,124.22325658719903,166.3123973523412,16.596824844638185,0.5570375625477643,0.39724035358406323,63.059471130371094,-32.829429626464844,60.71669006347656,11.630867004394531,4.908660888671875,11.736164093017578,1.2898019621964383,0.8550369459898487,0.3770477051768192,0.9911055262166638,1690248,0.8571428571428571,0.643904,0.9059018618107447,0.3928443600508456
CN005_CN_20250626_0005.jpg,CN005,CN,False,181.0850814473321,200.6023132533561,24.239457773984448,0.5096465282816954,0.44002549523381246,76.9377212524414,-25.03122901916504,70.36660766601562,13.29122257232666,5.825733184814453,18.590648651123047,1.339980483792847,0.8310400761521689,0.24856906961627487,0.99124188921352,2521384,0.7503751875937968,0.8408817742204435,0.9715840496438132,0.4124275537641056
CN006_CN_20250626_0006.jpg,CN006,CN,False,117.55855761161429,155.61506619049933,12.508537426987766,0.5641777419374403,0.40815886940546325,59.332027435302734,-30.772714614868164,58.467796325683594,12.641087532043457,4.692784309387207,11.47984504699707,2.7940103784520716,0.7427581181599342,0.2105808073462218,0.9707349574659929,2387956,0.7861635220125787,0.8343661774982529,0.9845211296639869,0.7775134680940051
CN007_CN_20250626_0007.jpg,CN007,CN,False,131.78555149489776,173.45165599061139,12.766482302289111,0.5541238795457215,0.40772424584614686,65.63443756103516,-33.18521499633789,63.56643295288086,11.607088088989258,5.083390235900879,13.15075397491455,1.0961977448918534,0.8736072423771585,0.44486053198923114,0.9932344248982513,1733162,0.7503751875937968,0.5780096715024179,0.898967658343305,0.27617108852097044
CN008_CN_20250626_0008.jpg,CN008,CN,False,128.23891534977494,163.9906197079439,14.679326471137093,0.5502882231442706,0.4084660226235103,62.48884201049805,-30.219018936157227,60.798831939697266,13.608865737915039,4.751856803894043,13.404298782348633,1.5985915064811196,0.8040144503167939,0.2706891012274472,0.9872734960091261,2293532,0.7503751875937968,0.7648931132232784,0.9544663282211384,0.5475888509430649
CN009_CN_20250626_0009.jpg,CN009,CN,False,91.8631440252669,140.5356153273377,6.423094347700521,0.6023568813515199,0.37927204740887516,53.09223937988281,-34.473243713378906,54.79249572753906,10.113167762756348,4.309129238128662,8.237136840820312,1.2680151710047396,0.8412969113423662,0.2666981374659587,0.982945327222795,2167578,0.8246289169873557,0.7944211105002749,0.9858627591975297,0.7427357854463582
CN010_CN_20250626_0010.jpg,CN010,CN,False,119.8981060532503,165.74168948421902,13.764879597404157,0.5632099313503429,0.39805100184127973,62.68804931640625,-34.5330810546875,61.13410568237305,8.210976600646973,4.4395833015441895,8.890043258666992,1.1522245874810064,0.8698910032964958,0.37068545792337515,0.9909561002982997,1390377,1.0940919037199124,0.6760889861415026,0.9053383549709133,0.4608994805720391
CN011_CN_20250626_0011.jpg,CN011,CN,False,132.3200376492646,170.83455869845434,17.640503703815703,0.5469084545077159,0.4093650771482359,64.97708892822266,-31.706558227539062,62.275325775146484,10.298720359802246,4.513018608093262,9.981635093688965,1.9304649517005323,0.8204859995443141,0.33200535897701183,0.9865121263457891,1587282,0.985545335085414,0.6952614980289094,0.9649465057451839,0.6260183530455301
CN012_CN_20250626_0012.jpg,CN012,CN,False,108.38590469826079,151.77997785733825,8.494771198265981,0.5821419196504112,0.39615698863809684,57.557769775390625,-32.94009017944336,58.224971771240234,11.957439422607422,3.409745454788208,9.773447036743164,1.9516884789997533,0.7863285589243048,0.22649054360030774,0.9776717841848199,2310472,0.8042895442359249,0.8259059874888293,0.9938659596030854,0.8251409293502355
CN013_CN_20250626_0013.jpg,CN013,CN,False,126.69924761559344,167.69649336518614,14.752307914059895,0.5567917234469654,0.40530689363459965,63.59901428222656,-32.66556167602539,61.840885162353516,11.835857391357422,4.298614025115967,10.935446739196777,1.8925123050055173,0.8076567719337583,0.320026777758744,0.9863367002632946,1921757,0.823271130625686,0.7031675814123673,0.9582203966197768,0.5829771503075987
CN014_CN_20250626_0014.jpg,CN014,CN,False,97.34152734093445,140.15129351086145,8.235151097023238,0.583633153095092,0.3926436482026981,53.28661346435547,-32.104305267333984,54.63117980957031,9.862403869628906,3.417072296142578,8.249159812927246,1.681122782034137,0.8183617749972202,0.3043642705641297,0.9804542821089164,2040841,0.8099352051835853,0.7346439884809215,0.9907509759002046,0.7537029570378978
CN015_CN_20250626_0015.jpg,CN015,CN,False,132.30948395388754,165.68185526081567,15.430108242464426,0.541944792278132,0.41202101476382447,63.286678314208984,-29.187557220458984,61.26378631591797,13.779215812683105,4.829277038574219,15.620891571044922,1.237377954989338,0.8215519418252267,0.23796860899678335,0.989204324141542,2449316,0.7503751875937968,0.8168470902117726,0.9378348191636695,0.25198277928196555
CN016_CN_20250626_0016.jpg,CN016,CN,False,106.42906654855497,150.55289856306908,10.332867984634124,0.5825414694771358,0.39222817234104934,57.087646484375,-33.04207229614258,57.1708869934082,11.864211082458496,4.361267566680908,9.83716106414795,2.2567897986042276,0.7825808792698807,0.23666393724139542,0.9751474845692629,2348060,0.7751937984496124,0.8089784668389319,0.9926487529428873,0.7799650105228952
CN017_CN_20250626_0017.jpg,CN017,CN,False,101.17685090728862,144.58917761780796,12.27150690270767,0.57089709210446,0.3888282982224656,54.96990966796875,-32.34717559814453,54.74855422973633,8.915547370910645,4.456860065460205,9.513086318969727,1.0821203325251598,0.865862341911401,0.4522109528875055,0.989855750341923,1662536,0.7716049382716049,0.5701426611796983,0.8956263673157595,0.3577559197445961
CN018_CN_20250626_0018.jpg,CN018,CN,False,117.93023939611827,153.84287142876497,15.450563555050671,0.5476791638040838,0.4072294731750769,58.86719512939453,-29.783443450927734,57.705421447753906,10.102339744567871,3.9187676906585693,9.925572395324707,1.2474095726701013,0.8488527975413848,0.33129805781888055,0.9891162161607998,1992973,0.7944915254237288,0.7037334039548022,0.970945298451582,0.5516403177883061
CN019_CN_20250626_0019.jpg,CN019,CN,False,117.15751305550302,161.06677993610083,21.395460917542454,0.5661074839157763,0.38181740774550393,60.989322662353516,-32.82612609863281,56.987667083740234,14.700956344604492,7.188360214233398,13.316859245300293,1.4425496069275348,0.8406968682511748,0.35252628460834157,0.9901526395447597,1998774,0.7503751875937968,0.6665912956478239,0.9469276799922683,0.4634832737823027
CN020_CN_20250626_0020.jpg,CN020,CN,False,152.35136086412132,179.32813580880907,19.25892801617663,0.5188267056467423,0.43033343692868575,68.82585906982422,-27.43682289123535,65.43832397460938,9.443132400512695,3.4939332008361816,11.164355278015137,0.7223271441345853,0.9097362218733793,0.4155476956231331,0.9958482605114085,1559781,0.9047044632086851,0.6271737032569361,0.9174901708888905,0.4728665524494376
CN021_CN_20250626_0021.jpg,CN021,CN,False,162.2997993422437,185.06888981014964,19.299967676282897,0.5151649653567338,0.43656068450055424,71.20767211914062,-25.888256072998047,67.27364349365234,10.045031547546387,3.3671905994415283,12.41722297668457,1.0167343093738783,0.910651755821987,0.527052323341762,0.9949175001781815,1116827,0.9894459102902374,0.49112884784520666,0.9287449938129515,0.5121921121380244
CN022_CN_20250626_0022.jpg,CN022,CN,False,153.88726048530938,181.73461915658712,23.913985191812483,0.510213223973697,0.4295601721827391,69.75897979736328,-27.815208435058594,64.92010498046875,4.596158504486084,3.626476764678955,9.817666053771973,0.6400208818187012,0.9512873777396776,0.5826790393577228,0.9964476002959202,871815,1.145912910618793,0.4440106951871658,0.8060218541142187,0.43467800437065574
CN023_CN_20250626_0023.jpg,CN023,CN,False,159.75378729721402,183.04663984913284,22.208694980024504,0.5071140352366096,0.43380325373175144,70.48794555664062,-25.791635513305664,65.71734619140625,8.849319458007812,3.3367035388946533,14.025618553161621,0.6777209816593123,0.9578949175886343,0.6305555590905282,0.9962887293302806,944407,0.9242144177449169,0.3879264736085439,0.8229100861504841,0.36393683968353824
CN024_CN_20250626_0024.jpg,CN024,CN,False,161.56313480576216,186.61817876669284,22.568518901913897,0.5091523887931836,0.4324273069289818,71.66251373291016,-26.745647430419922,66.70652770996094,8.137162208557129,3.189147710800171,13.196577072143555,0.8571186180033745,0.9307462025285331,0.6322647848734682,0.9954067980964034,816293,1.0496850944716585,0.3808224865873571,0.8855990999640897,0.41317433524053454
CN025_CN_20250626_0025.jpg,CN025,CN,False,167.9618960731409,189.79754255876702,58.024807345148204,0.46223427883050816,0.4043225863906934,73.24345397949219,-24.18321990966797,58.431915283203125,6.205343723297119,3.7875940799713135,12.634655952453613,1.0719696444928206,0.9339511275476684,0.6797102980760392,0.994356920925846,515170,1.4285714285714286,0.3270920634920635,0.7469295377669392,0.3151121554554664
CN026_CN_20250626_0026.jpg,CN026,CN,False,158.2137717313911,182.53767897106454,17.003595073635104,0.5245424652114637,0.4319398976280637,69.97418212890625,-26.6103572845459,67.24091339111328,14.170525550842285,3.700932264328003,13.970280647277832,1.0235666550490623,0.8508611106048325,0.28485599008656837,0.9934737167672648,2315947,0.7503751875937968,0.7723685175921294,0.9545608734019704,0.38561336144351327
CN027_CN_20250626_0027.jpg,CN027,CN,False,91.83617349696821,132.79897789713408,11.31791871373087,0.5812760793765909,0.373271350505451,50.50891876220703,-30.346500396728516,50.80417251586914,13.61844539642334,5.311276435852051,15.273954391479492,1.187187913257417,0.8230450158708038,0.26837230122654876,0.9859166309616618,2303095,0.7503751875937968,0.7680823745205936,0.933761232140982,0.401119404367111
CN028_CN_20250626_0028.jpg,CN028,CN,False,109.4946024087311,150.79141714801537,10.788643461123021,0.5656422163501084,0.40259727832592446,57.42555236816406,-32.053409576416016,57.55771255493164,7.7637152671813965,3.6385953426361084,7.063466548919678,1.119812052517723,0.8520091347238518,0.3584802855004511,0.9891868781182573,1752541,0.8833922261484098,0.6880804868472713,0.9647841383839679,0.5908228025196129
CN029_CN_20250626_0029.jpg,CN029,CN,False,98.68418468082857,137.81015689655524,7.82891239942333,0.5745881608660951,0.4004660196761296,52.632606506347656,-30.565628051757812,54.46135330200195,9.184003829956055,3.0958011150360107,7.508684158325195,0.7923328945521699,0.8764133323391813,0.3678390568031037,0.991344878358356,1967156,0.7591093117408907,0.6636828609986505,0.9403038082869234,0.614908559111198
CN030_CN_20250626_0030.jpg,CN030,CN,False,79.34426479082617,123.83195545824111,6.7059322510334685,0.6067941352695236,0.37163800247314704,46.97574234008789,-31.864994049072266,49.73662567138672,9.647936820983887,3.388869524002075,7.124414443969727,1.06268286136346,0.8554670511686058,0.3208864070082431,0.9843466146920439,2009979,0.8068854222700377,0.7208101129639591,0.9676051090083533,0.7283945741801551
CN031_CN_20250626_0031.jpg,CN031,CN,False,111.50054896773887,148.11767767843057,7.265828340493915,0.5659379426088006,0.4136341881768628,56.61664962768555,-30.134687423706055,58.03050994873047,10.909751892089844,3.1986753940582275,8.962126731872559,1.1762897757826063,0.8383480557019155,0.2866496560433475,0.9878930741517233,2180456,0.778816199376947,0.7547442021460713,0.984487629429663,0.7737736741407271
CN032_CN_20250626_0032.jpg,CN032,CN,False,88.71847491515294,133.38555134188323,6.653053886687576,0.5988809971450971,0.3818085233150466,50.60884475708008,-32.488197326660156,52.762062072753906,10.130678176879883,3.3435535430908203,7.820093631744385,1.6963243877128935,0.8110021592956005,0.2907022530689234,0.9776771403143197,2058115,0.8187772925764192,0.7489501455604076,0.9848264806861818,0.7265944562106665
CN033_CN_20250626_0033.jpg,CN033,CN,False,136.25331937184563,168.10179430450117,25.377120612053606,0.5198403118654596,0.40035499661968504,64.35414123535156,-27.988540649414062,58.7017936706543,13.08990478515625,5.004942417144775,18.08279037475586,0.747044528984244,0.9167574039121787,0.5474870342643926,0.9954518980911539,1421052,0.7503751875937968,0.47392062698015675,0.7765255091223445,0.24586841341970878
CN034_CN_20250626_0034.jpg,CN034,CN,False,120.88526356328396,154.43267689644395,11.5809983755638,0.5477352395892345,0.4181442819574201,59.238555908203125,-29.045154571533203,59.16545867919922,9.306778907775879,3.3565406799316406,8.99484634399414,1.1160991768739041,0.8552755767468398,0.34630225786378965,0.9903805411282319,1846179,0.8389261744966443,0.6883590604026846,0.9650246459915633,0.532790992057791
CN035_CN_20250626_0035.jpg,CN035,CN,False,87.08414646595861,129.18882951572854,8.348591509355998,0.5895508511001984,0.3808078602703203,49.14697265625,-31.050992965698242,50.88120651245117,10.43039608001709,4.231085300445557,9.898468971252441,1.109216501441416,0.8728456692896782,0.40585854692101914,0.9870019149224141,1851379,0.7503751875937968,0.6174350508587627,0.8719827730346371,0.4885235727341784
CN036_CN_20250626_0036.jpg,CN036,CN,False,119.75868013994923,153.72772232306968,17.596517410893625,0.5374855319299532,0.40333226405728045,58.893455505371094,-28.4435977935791,56.211673736572266,12.774022102355957,5.2738494873046875,16.964868545532227,1.5944299103143489,0.8102794045111977,0.29984132146035486,0.9863853099390317,2193081,0.7503751875937968,0.731392696348174,0.8816508815580162,0.22842542925271342
CN037_CN_20250626_0037.jpg,CN037,CN,False,88.72845004274856,133.64681201175878,6.7791505139586725,0.5967602683695662,0.382454723521874,50.700469970703125,-32.63314437866211,52.88330078125,9.573473930358887,3.2441327571868896,7.369823932647705,1.292443205952531,0.8382915249350789,0.3198775505190891,0.9835829920469985,2049192,0.7890583903208838,0.7186365071015255,0.9732950764622875,0.737945261188545
CN038_CN_20250626_0038.jpg,CN038,CN,False,103.86517256095897,144.78930851552167,10.720820089475135,0.5664995410967621,0.39719960570213514,55.18949890136719,-31.467134475708008,55.535865783691406,8.5024995803833,4.278990268707275,9.162796020507812,0.8778854016833275,0.8888997324762297,0.4375900245914397,0.9917309930341983,1612068,0.8223684210526315,0.5892061403508771,0.8845016822380679,0.35438055247094385
CN039_CN_20250626_0039.jpg,CN039,CN,False,111.89959885326579,147.04550145093762,15.381965975235072,0.5472250700477094,0.4016990511109282,56.346954345703125,-28.95267677307129,55.30173110961914,10.976691246032715,4.564797878265381,12.1837158203125,1.0437314265415565,0.8696360982964623,0.44451239673560083,0.9912456765071471,1712341,0.7503751875937968,0.5710658662664666,0.8353543060475999,0.26437314970329645
CN040_CN_20250626_0040.jpg,CN040,CN,False,123.91707255285132,167.9353470413528,15.32720465675231,0.5597558020592314,0.39741886462373865,63.512088775634766,-33.74921417236328,61.213314056396484,11.875788688659668,5.550529479980469,12.246160507202148,1.2284620064908474,0.8630128835998031,0.43910295915185926,0.9919789816526143,1586857,0.8138903960933261,0.5740122987882076,0.7994551929722211,0.35224824113536013
CN041_CN_20250626_0041.jpg,CN041,CN,False,108.38590469826079,151.77997785733825,8.494771198265981,0.5821419196504112,0.39615698863809684,57.557769775390625,-32.94009017944336,58.224971771240234,11.957439422607422,3.409745454788208,9.773447036743164,1.9516884789997533,0.7863285589243048,0.22649054360030774,0.9776717841848199,2310472,0.8042895442359249,0.8259059874888293,0.9938659596030854,0.8251409293502355
CN042_CN_20250626_0042.jpg,CN042,CN,False,126.69924761559344,167.69649336518614,14.752307914059895,0.5567917234469654,0.40530689363459965,63.59901428222656,-32.66556167602539,61.840885162353516,11.835857391357422,4.298614025115967,10.935446739196777,1.8925123050055173,0.8076567719337583,0.320026777758744,0.9863367002632946,1921757,0.823271130625686,0.7031675814123673,0.9582203966197768,0.5829771503075987
CN043_CN_20250626_0043.jpg,CN043,CN,False,97.34152734093445,140.15129351086145,8.235151097023238,0.583633153095092,0.3926436482026981,53.28661346435547,-32.104305267333984,54.63117980957031,9.862403869628906,3.417072296142578,8.249159812927246,1.681122782034137,0.8183617749972202,0.3043642705641297,0.9804542821089164,2040841,0.8099352051835853,0.7346439884809215,0.9907509759002046,0.7537029570378978
CN044_CN_20250626_0044.jpg,CN044,CN,False,132.30948395388754,165.68185526081567,15.430108242464426,0.541944792278132,0.41202101476382447,63.286678314208984,-29.187557220458984,61.26378631591797,13.779215812683105,4.829277038574219,15.620891571044922,1.237377954989338,0.8215519418252267,0.23796860899678335,0.989204324141542,2449316,0.7503751875937968,0.8168470902117726,0.9378348191636695,0.25198277928196555
CN045_CN_20250626_0045.jpg,CN045,CN,False,106.42906654855497,150.55289856306908,10.332867984634124,0.5825414694771358,0.39222817234104934,57.087646484375,-33.04207229614258,57.1708869934082,11.864211082458496,4.361267566680908,9.83716106414795,2.2567897986042276,0.7825808792698807,0.23666393724139542,0.9751474845692629,2348060,0.7751937984496124,0.8089784668389319,0.9926487529428873,0.7799650105228952
CN046_CN_20250626_0046.jpg,CN046,CN,False,101.17685090728862,144.58917761780796,12.27150690270767,0.57089709210446,0.3888282982224656,54.96990966796875,-32.34717559814453,54.74855422973633,8.915547370910645,4.456860065460205,9.513086318969727,1.0821203325251598,0.865862341911401,0.4522109528875055,0.989855750341923,1662536,0.7716049382716049,0.5701426611796983,0.8956263673157595,0.3577559197445961
CN047_CN_20250626_0047.jpg,CN047,CN,False,117.93023939611827,153.84287142876497,15.450563555050671,0.5476791638040838,0.4072294731750769,58.86719512939453,-29.783443450927734,57.705421447753906,10.102339744567871,3.9187676906585693,9.925572395324707,1.2474095726701013,0.8488527975413848,0.33129805781888055,0.9891162161607998,1992973,0.7944915254237288,0.7037334039548022,0.970945298451582,0.5516403177883061
CN048_CN_20250626_0048.jpg,CN048,CN,False,117.15751305550302,161.06677993610083,21.395460917542454,0.5661074839157763,0.38181740774550393,60.989322662353516,-32.82612609863281,56.987667083740234,14.700956344604492,7.188360214233398,13.316859245300293,1.4425496069275348,0.8406968682511748,0.35252628460834157,0.9901526395447597,1998774,0.7503751875937968,0.6665912956478239,0.9469276799922683,0.4634832737823027
CN049_CN_20250626_0049.jpg,CN049,CN,False,158.2137717313911,182.53767897106454,17.003595073635104,0.5245424652114637,0.4319398976280637,69.97418212890625,-26.6103572845459,67.24091339111328,14.170525550842285,3.700932264328003,13.970280647277832,1.0235666550490623,0.8508611106048325,0.28485599008656837,0.9934737167672648,2315947,0.7503751875937968,0.7723685175921294,0.9545608734019704,0.38561336144351327
CN050_CN_20250626_0050.jpg,CN050,CN,False,91.83617349696821,132.79897789713408,11.31791871373087,0.5812760793765909,0.373271350505451,50.50891876220703,-30.346500396728516,50.80417251586914,13.61844539642334,5.311276435852051,15.273954391479492,1.187187913257417,0.8230450158708038,0.26837230122654876,0.9859166309616618,2303095,0.7503751875937968,0.7680823745205936,0.933761232140982,0.401119404367111
CN051_CN_20250626_0051.jpg,CN051,CN,False,109.4946024087311,150.79141714801537,10.788643461123021,0.5656422163501084,0.40259727832592446,57.42555236816406,-32.053409576416016,57.55771255493164,7.7637152671813965,3.6385953426361084,7.063466548919678,1.119812052517723,0.8520091347238518,0.3584802855004511,0.9891868781182573,1752541,0.8833922261484098,0.6880804868472713,0.9647841383839679,0.5908228025196129
CN052_CN_20250626_0052.jpg,CN052,CN,False,98.68418468082857,137.81015689655524,7.82891239942333,0.5745881608660951,0.4004660196761296,52.632606506347656,-30.565628051757812,54.46135330200195,9.184003829956055,3.0958011150360107,7.508684158325195,0.7923328945521699,0.8764133323391813,0.3678390568031037,0.991344878358356,1967156,0.7591093117408907,0.6636828609986505,0.9403038082869234,0.614908559111198
CN053_CN_20250626_0053.jpg,CN053,CN,False,79.34426479082617,123.83195545824111,6.7059322510334685,0.6067941352695236,0.37163800247314704,46.97574234008789,-31.864994049072266,49.73662567138672,9.647936820983887,3.388869524002075,7.124414443969727,1.06268286136346,0.8554670511686058,0.3208864070082431,0.9843466146920439,2009979,0.8068854222700377,0.7208101129639591,0.9676051090083533,0.7283945741801551
CN054_CN_20250626_0054.jpg,CN054,CN,False,111.50054896773887,148.11767767843057,7.265828340493915,0.5659379426088006,0.4136341881768628,56.61664962768555,-30.134687423706055,58.03050994873047,10.909751892089844,3.1986753940582275,8.962126731872559,1.1762897757826063,0.8383480557019155,0.2866496560433475,0.9878930741517233,2180456,0.778816199376947,0.7547442021460713,0.984487629429663,0.7737736741407271
CN055_CN_20250626_0055.jpg,CN055,CN,False,88.71847491515294,133.38555134188323,6.653053886687576,0.5988809971450971,0.3818085233150466,50.60884475708008,-32.488197326660156,52.762062072753906,10.130678176879883,3.3435535430908203,7.820093631744385,1.6963243877128935,0.8110021592956005,0.2907022530689234,0.9776771403143197,2058115,0.8187772925764192,0.7489501455604076,0.9848264806861818,0.7265944562106665
CN056_CN_20250626_0056.jpg,CN056,CN,False,120.88526356328396,154.43267689644395,11.5809983755638,0.5477352395892345,0.4181442819574201,59.238555908203125,-29.045154571533203,59.16545867919922,9.306778907775879,3.3565406799316406,8.99484634399414,1.1160991768739041,0.8552755767468398,0.34630225786378965,0.9903805411282319,1846179,0.8389261744966443,0.6883590604026846,0.9650246459915633,0.532790992057791
CN057_CN_20250626_0057.jpg,CN057,CN,False,87.08414646595861,129.18882951572854,8.348591509355998,0.5895508511001984,0.3808078602703203,49.14697265625,-31.050992965698242,50.88120651245117,10.43039608001709,4.231085300445557,9.898468971252441,1.109216501441416,0.8728456692896782,0.40585854692101914,0.9870019149224141,1851379,0.7503751875937968,0.6174350508587627,0.8719827730346371,0.4885235727341784
CN058_CN_20250626_0058.jpg,CN058,CN,False,119.75868013994923,153.72772232306968,17.596517410893625,0.5374855319299532,0.40333226405728045,58.893455505371094,-28.4435977935791,56.211673736572266,12.774022102355957,5.2738494873046875,16.964868545532227,1.5944299103143489,0.8102794045111977,0.29984132146035486,0.9863853099390317,2193081,0.7503751875937968,0.731392696348174,0.8816508815580162,0.22842542925271342
CN059_CN_20250626_0059.jpg,CN059,CN,False,88.72845004274856,133.64681201175878,6.7791505139586725,0.5967602683695662,0.382454723521874,50.700469970703125,-32.63314437866211,52.88330078125,9.573473930358887,3.2441327571868896,7.369823932647705,1.292443205952531,0.8382915249350789,0.3198775505190891,0.9835829920469985,2049192,0.7890583903208838,0.7186365071015255,0.9732950764622875,0.737945261188545
CN060_CN_20250626_0060.jpg,CN060,CN,False,103.86517256095897,144.78930851552167,10.720820089475135,0.5664995410967621,0.39719960570213514,55.18949890136719,-31.467134475708008,55.535865783691406,8.5024995803833,4.278990268707275,9.162796020507812,0.8778854016833275,0.8888997324762297,0.4375900245914397,0.9917309930341983,1612068,0.8223684210526315,0.5892061403508771,0.8845016822380679,0.35438055247094385
CN061_CN_20250626_0061.jpg,CN061,CN,False,111.89959885326579,147.04550145093762,15.381965975235072,0.5472250700477094,0.4016990511109282,56.346954345703125,-28.95267677307129,55.30173110961914,10.976691246032715,4.564797878265381,12.1837158203125,1.0437314265415565,0.8696360982964623,0.44451239673560083,0.9912456765071471,1712341,0.7503751875937968,0.5710658662664666,0.8353543060475999,0.26437314970329645
CN062_CN_20250626_0062.jpg,CN062,CN,False,123.91707255285132,167.9353470413528,15.32720465675231,0.5597558020592314,0.39741886462373865,63.512088775634766,-33.74921417236328,61.213314056396484,11.875788688659668,5.550529479980469,12.246160507202148,1.2284620064908474,0.8630128835998031,0.43910295915185926,0.9919789816526143,1586857,0.8138903960933261,0.5740122987882076,0.7994551929722211,0.35224824113536013
CN063_CN_20250626_0063.jpg,CN063,CN,False,147.63371825751108,175.20216240297762,28.496411969449824,0.5094872654721552,0.41338812009487014,67.32477569580078,-26.896739959716797,61.306175231933594,10.534893989562988,4.044504165649414,13.463091850280762,0.8937633950418421,0.9031377474549641,0.5077381603951611,0.9950123710622757,1126802,1.0273972602739727,0.5145214611872146,0.8805823649393174,0.5086179286443313
CN064_CN_20250626_0064.jpg,CN064,CN,False,146.16212975852676,173.55376320032488,15.794314546727902,0.5291884736804462,0.43110682987057847,66.59261322021484,-27.4521427154541,64.62678527832031,12.404635429382324,3.750307559967041,11.593484878540039,1.0771691343902283,0.8432620326190206,0.2704550007517105,0.9920996770710462,2324564,1.3326666666666667,0.7752422878105719,0.9663855100624797,0.5200740732462401
CN065_CN_20250626_0065.jpg,CN065,CN,False,104.99321290483044,155.60238987082553,8.72034889499791,0.5970229946373132,0.38129326170901184,58.50347137451172,-35.962890625,58.824581146240234,13.424540519714355,4.258919715881348,10.768901824951172,2.0243350835920313,0.7993267762707378,0.2622669749364676,0.981234888374966,2203299,1.2726666666666666,0.7694426401257203,0.9876765630113099,0.7702138075527312
CN066_CN_20250626_0066.jpg,CN066,CN,False,104.46034604690131,146.22278240159469,11.906050878590584,0.567189374541823,0.39557210009472876,55.67603302001953,-31.905118942260742,55.80831527709961,8.462556838989258,3.5465006828308105,7.708220481872559,1.1677966139837674,0.861599686011137,0.3939503594452751,0.9888271742385936,1699654,1.1826666666666668,0.6387275460353251,0.9651186230291247,0.6044561164491706
CN067_CN_20250626_0067.jpg,CN067,CN,False,112.88890742162492,148.26183125780318,18.006497631761622,0.5424200312511795,0.39757033041963813,56.79287338256836,-28.82864761352539,54.61782455444336,11.742358207702637,4.837577819824219,14.893031120300293,1.2930006233541416,0.8258189772000158,0.27769806344317477,0.9869619424298334,2038435,1.182,0.7664730212445948,0.9613336766608942,0.41883490113842115
CN068_CN_20250626_0068.jpg,CN068,CN,False,100.09481833453324,151.74811279097673,8.534557235421167,0.6000940837657721,0.3784751189167253,57.0682487487793,-36.19337844848633,57.70932388305664,11.873188018798828,4.084031105041504,8.83397388458252,2.0932313764133523,0.8205766813893924,0.31743739908038593,0.9805282951966657,2083500,1.3006666666666666,0.7119425935417735,0.980066570204471,0.7357160601910238
CN069_CN_20250626_0069.jpg,CN069,CN,False,125.34584620106267,158.95839413688952,21.14672826454232,0.5303183078783164,0.4091120477020753,60.978084564208984,-28.927709579467773,58.0595588684082,8.489592552185059,3.9370644092559814,9.426836013793945,1.2481899783880648,0.8765784155635313,0.45208271399884903,0.9909350534345855,1355458,1.0613333333333332,0.5676122278056951,0.9447998154254937,0.5921383354881667
CN070_CN_20250626_0070.jpg,CN070,CN,False,133.22072339461297,165.2959952155065,31.396614450804783,0.5089262125353882,0.39250640332090453,63.34645080566406,-27.53657341003418,55.938697814941406,13.17948055267334,5.855326175689697,18.660566329956055,0.8847110957692332,0.9023497111023105,0.562947647775558,0.9944354296451601,1346015,1.3326666666666667,0.4488961147240287,0.821388949573627,0.2991589251233231
SB001_SB_20240715_0071.jpg,SB001,SB,False,79.40171809896233,100.90554349764204,32.632700241636485,0.4772739206530223,0.3710910492826175,39.559059143066406,-19.348299026489258,34.56903839111328,9.41851806640625,2.7870264053344727,7.112247943878174,4.167357228721164,0.6900651730112708,0.3125659998707857,0.9246487135553461,975846,0.7252906976744186,0.7106116302372186,0.979837859439356,0.7472289695227052
SB002_SB_20240715_0072.jpg,SB002,SB,False,76.94787932023519,98.71624480137675,47.82819574481162,0.4434221905151076,0.3414621011509716,38.884315490722656,-17.659900665283203,25.974184036254883,8.420903205871582,2.393526315689087,6.1233930587768555,3.823153498079434,0.707858410600459,0.30851650998447167,0.9250730411634774,780976,0.7843642611683849,0.7348757730076821,0.9905708958536802,0.823053320115352
SB003_SB_20240715_0073.jpg,SB003,SB,False,65.50612819606313,84.32215631273311,44.321574014833914,0.43668164622846656,0.3321819738118099,33.18017578125,-15.140816688537598,20.76991081237793,10.406868934631348,2.375964403152466,6.971758842468262,5.07998415076779,0.7010754799732781,0.3217136202556896,0.887320371771507,817451,0.8096040438079192,0.7166178519111394,0.9866543231930168,0.7608975857304858
SB004_SB_20240715_0074.jpg,SB004,SB,False,62.75353830717056,80.8879829128353,44.39311914534665,0.431981539554648,0.32860280621434934,31.856168746948242,-14.390105247497559,18.988840103149414,9.83000659942627,2.411864757537842,6.674933433532715,4.162622595403198,0.7421495568942069,0.34991209466257545,0.9010639773026778,813242,0.6762699014404853,0.6912102183676314,0.9933296934297297,0.7967627931816001
SB005_SB_20240715_0075.jpg,SB005,SB,False,90.21639884260881,110.0284509913037,34.86838971143208,0.47076689848085795,0.3830668271435329,43.325775146484375,-19.22028160095215,37.82286834716797,8.936210632324219,2.4547572135925293,6.259649753570557,5.238747606839898,0.6340627271077971,0.29265968397344355,0.9157340638952507,756529,0.8279569892473119,0.733650832441155,0.9818688927565123,0.7428389352706253
SB006_SB_20240715_0076.jpg,SB006,SB,False,64.7323473994478,83.97584018916498,41.470178298261324,0.44385047163160013,0.33634776651460635,33.01169967651367,-15.69881534576416,22.18194007873535,9.298127174377441,2.348219394683838,6.383326530456543,4.246444286674469,0.7293471384832613,0.3073530354419316,0.8921227558400945,857664,0.8159457167090755,0.7561854279411532,0.9931551978693223,0.8224999031780081
SB007_SB_20240715_0077.jpg,SB007,SB,False,68.14383021819482,87.58987029522821,45.444511636746896,0.4376398091315792,0.3342772901603994,34.512699127197266,-15.680227279663086,21.829893112182617,9.683564186096191,2.1595451831817627,6.361154556274414,4.703771760992596,0.7102653953883338,0.3079895740962926,0.8945741607848077,752401,0.822841726618705,0.7394749773951331,0.9827368217570642,0.7902237836721968
SB008_SB_20240715_0078.jpg,SB008,SB,False,67.88215379208917,87.51130978816543,44.205098086418985,0.4401513596398182,0.33601583147098024,34.46863555908203,-15.90099048614502,22.448074340820312,9.135894775390625,2.3271546363830566,6.537056922912598,3.9934283051966513,0.7307473434442131,0.315467712772934,0.9083289157936536,722781,0.7722859664607238,0.7290692220400958,0.9837449164584252,0.7756324299781665
SB009_SB_20240715_0079.jpg,SB009,SB,False,62.422191805909655,82.58833491573128,39.412209686203255,0.45018779225822575,0.33360031261441747,32.31918716430664,-16.17894172668457,22.46346092224121,9.778196334838867,2.8171586990356445,7.180753707885742,3.9905715649678664,0.7366477341906932,0.3125220457675235,0.9005116426509032,1037455,0.7932584269662921,0.7338242211400056,0.9865556351173885,0.7754297987337093
SB010_SB_20240715_0080.jpg,SB010,SB,False,68.7521200933189,88.15358969833677,43.21379996212624,0.4431288873875438,0.3396974197529961,34.72276306152344,-16.035863876342773,23.381492614746094,9.318005561828613,2.164382219314575,6.068863868713379,4.55577579996751,0.715605351057188,0.31689599807069474,0.8986114609101656,776263,0.8072916666666666,0.7245585050776583,0.9818048211026638,0.7650804278755281
SB011_SB_20240715_0081.jpg,SB011,SB,False,62.254065381482135,81.16180818734455,40.22278539351248,0.44431103595401783,0.33454438948376714,31.846323013305664,-15.369386672973633,21.43355941772461,9.568397521972656,2.456017017364502,6.5969648361206055,4.389093884267624,0.7089397588455973,0.29189516360220946,0.8824084363778409,924329,0.8741496598639455,0.7645856494348712,0.9966627993237182,0.8402257360198029
SB012_SB_20240715_0082.jpg,SB012,SB,False,66.5663809960829,86.21110639734721,41.82221675260696,0.44475623554668764,0.3381936977824896,33.896141052246094,-16.072336196899414,23.072622299194336,9.232358932495117,2.633579730987549,6.755364894866943,4.262005198060707,0.7118307458472972,0.28853914782750817,0.893705308500905,808507,0.8561151079136691,0.7637338658484977,0.9918469293494595,0.8000659541483128
SB013_SB_20240715_0083.jpg,SB013,SB,False,82.77387773909481,104.91066045463855,25.6158918697522,0.4956114174211934,0.38655312807232345,41.07903289794922,-20.49110984802246,39.20063781738281,8.773574829101562,2.1789968013763428,6.900691986083984,4.081543081180162,0.6980629070164648,0.3303590514490442,0.9297619113631985,976600,0.7107320540156361,0.6941009239516702,0.9929095319721749,0.7918344139674034
SB014_SB_20240715_0084.jpg,SB014,SB,False,65.56896330856672,84.90512277673648,40.56423472988219,0.4471892747759449,0.33901426960378866,33.34741973876953,-15.970199584960938,23.15106964111328,9.717334747314453,2.3964524269104004,6.493403434753418,4.719016186545819,0.7023341362949765,0.30291346954695186,0.8874901831913504,889908,0.8208092485549133,0.7392895772654091,0.9919532017206036,0.7942045644728019
SB015_SB_20240715_0085.jpg,SB015,SB,False,63.09117471064846,82.49125341642363,43.55476789882535,0.43797460293382423,0.32838991423908004,32.3986701965332,-15.261174201965332,20.179311752319336,9.869525909423828,2.6083109378814697,6.8425822257995605,3.997124206019203,0.7394261629893015,0.3170570816832313,0.9036057595250846,927505,0.6963890935887989,0.7232769141391101,0.9917103088131831,0.7862958706011621
SB016_SB_20250325_0086.jpg,SB016,SB,False,101.83392949231394,123.14558622909328,36.19069315368101,0.47634173972198124,0.3904638455536448,48.37525939941406,-20.813947677612305,42.44613265991211,8.126309394836426,1.7773576974868774,5.986567497253418,3.6750371807241766,0.6574162308343502,0.2554725944609622,0.9454844574803016,1093668,0.971737323358271,0.7776879443819877,0.996130851540555,0.8478217850919022
SB017_SB_20250325_0087.jpg,SB017,SB,False,113.50653151749621,135.6407721564377,32.95086063610146,0.4841580694337158,0.40328081679001343,53.12103271484375,-22.306520462036133,48.47444152832031,6.129919052124023,1.710679292678833,5.357080459594727,2.637365647199863,0.7203936852896193,0.29742623099072674,0.9670709378389124,978869,0.9982425307557118,0.757188451446818,0.9955048820845143,0.842928079038553
SB018_SB_20250325_0088.jpg,SB018,SB,False,106.78665762835902,129.43608466142118,46.76568695633817,0.4594165119810155,0.37724016887223283,50.827701568603516,-21.13983154296875,40.62554168701172,6.086507320404053,1.7325937747955322,5.548269748687744,3.0736519353637104,0.7033909198516076,0.29447709948099016,0.9548800434805818,852667,0.8133680555555556,0.7899277762955057,0.9938260812807996,0.8424270971311436
SB019_SB_20250325_0089.jpg,SB019,SB,False,121.97812533388641,146.8541552752481,44.18946626359376,0.4712811339473694,0.3901346331967531,57.236690521240234,-23.630451202392578,48.560848236083984,4.915483474731445,1.8187862634658813,5.415760517120361,2.193279974190741,0.7585840756284273,0.33063159862263913,0.9768355528145916,954666,0.7186796699174793,0.7475767689312725,0.9949018193793392,0.8330616561574256
SB020_SB_20250325_0090.jpg,SB020,SB,False,111.6220169082853,135.66828080361535,45.62005545082403,0.466177743549208,0.3809597335401815,53.05308151245117,-22.377904891967773,43.6678466796875,7.327326774597168,1.7512366771697998,5.297618389129639,3.0710655746121844,0.6985988040816649,0.2857898835439987,0.9641653422468663,996198,0.7503748125937032,0.7460290833604177,0.9944715973070749,0.8402993517392572
SB021_SB_20250325_0091.jpg,SB021,SB,False,119.36601374393776,143.0112693434785,43.18808058997252,0.46976507288649183,0.3909165270636508,55.87012481689453,-22.926692962646484,47.67216491699219,5.154999732971191,1.7638094425201416,4.993579387664795,2.296400355474334,0.7479345655188729,0.3186516126889767,0.9747840640681535,875295,0.8402366863905325,0.7443604994293742,0.9958042419477965,0.8447429545305216
SB022_SB_20250325_0092.jpg,SB022,SB,False,107.62518511067523,130.25204390126686,43.61473648622218,0.46481611548075136,0.3820935413710774,51.10187911987305,-21.486927032470703,42.41899871826172,6.503053665161133,1.5907191038131714,5.036899089813232,3.2016346171348196,0.7026465232525159,0.29932956089821644,0.9572514488104025,715788,0.7497765862377123,0.7624166392392322,0.9948934064620508,0.8245085703134681
SB023_SB_20250325_0093.jpg,SB023,SB,False,116.2059422279277,140.0939463460308,45.578987505878466,0.4673033515200273,0.3852917987435932,54.749935150146484,-22.624422073364258,45.416969299316406,6.85440731048584,1.7629672288894653,5.730597496032715,3.0444408487118566,0.7024155541170167,0.2874027573216647,0.9661045694455135,944124,0.8348250610252238,0.7487378603819014,0.9948231733852315,0.8208472502071655
SB024_SB_20250325_0094.jpg,SB024,SB,False,112.95485974100512,137.92432717831903,26.992489328119955,0.4996415425613816,0.40754968082487336,53.761199951171875,-23.95706558227539,50.90505599975586,5.604309558868408,1.7669918537139893,5.461750507354736,2.6776175701533447,0.7228474687983035,0.2980056988182095,0.9645600523368494,892064,0.8161888701517707,0.7770267445263612,0.9963098971596036,0.8485154809713292
SB025_SB_20250325_0095.jpg,SB025,SB,False,118.23674462125469,141.67616578216638,39.64771592787651,0.4749664466801418,0.39505728727446465,55.359317779541016,-22.948081970214844,48.456336975097656,5.338868141174316,1.7932442426681519,5.356225967407227,2.215755010500792,0.7439162771508788,0.3181223949941555,0.975575333648156,989636,0.7008670520231214,0.737170013705977,0.9960325208488916,0.8179908652001117
SB026_SB_20250325_0096.jpg,SB026,SB,False,122.32464143224702,147.17183141207872,40.02913826184467,0.4776868786835829,0.3956706341181166,57.32387161254883,-23.922536849975586,50.283226013183594,5.08839225769043,1.7324610948562622,5.181777000427246,2.0654033476165052,0.7643728520280418,0.3241348129772403,0.9788348725435703,978267,0.7584905660377359,0.7346415094339622,0.9956510676410121,0.8351463928601305
SB027_SB_20250325_0097.jpg,SB027,SB,False,129.73126186109477,155.77600727657577,48.15714237139014,0.46886488230404827,0.38887819357560616,60.49816131591797,-24.5535888671875,50.454219818115234,4.865962505340576,2.1310994625091553,6.255311012268066,1.966447958481155,0.7641616691331088,0.322402891014313,0.9821462800413706,941102,0.856909239574816,0.7342584559305425,0.9940931282969999,0.8205162391109926
SB028_SB_20250325_0098.jpg,SB028,SB,False,123.569087815249,147.4968409689504,35.60661439083997,0.48297314582516354,0.40339436821716396,57.48661422729492,-23.778287887573242,51.937896728515625,4.976857662200928,1.7725728750228882,5.6790008544921875,2.0282330966606485,0.7629949655171288,0.2965774817105532,0.9761028381733955,1031962,0.7702909647779479,0.7854572412386325,0.9946238217321742,0.8348457155739873
SB029_SB_20250325_0099.jpg,SB029,SB,False,105.16325208899617,128.15112348608343,39.37730883370257,0.4736617249795365,0.3856678422497997,50.210567474365234,-21.73797035217285,43.0908203125,7.798211574554443,1.8863873481750488,6.273794174194336,3.307635394793688,0.664074377924885,0.23923767636221221,0.9503084113266167,1042247,0.9135906040268457,0.802909355914237,0.9960635188834499,0.8563294110803249
SB030_SB_20250325_0100.jpg,SB030,SB,False,106.00254795580459,130.58843618634043,37.29240962762639,0.47932368649092705,0.387361937513388,51.057491302490234,-22.74492073059082,44.741275787353516,5.732842445373535,1.8057817220687866,5.641996383666992,2.3616572517142886,0.7518315183431101,0.3213589606770854,0.9683954226913587,1080474,0.742467718794835,0.7488782151248623,0.9941572876565111,0.8311070743043742
SB031_SB_20240606_0101.jpg,SB031,SB,False,47.727313037607956,71.15372006646223,7.245557767088242,0.5851187904459403,0.37184087490440826,26.97667121887207,-19.721532821655273,31.845163345336914,10.15739917755127,2.3041346073150635,7.369637966156006,4.2533282238717955,0.7149600285294905,0.32452990094261264,0.8564236805501378,802862,0.8006843455945253,0.7337541035145826,0.971053284066788,0.7557858738330998
SB032_SB_20240606_0102.jpg,SB032,SB,False,47.653654373118904,71.54072380538067,3.477053331410373,0.6017126975463802,0.37801901481936606,27.09098243713379,-20.133710861206055,33.173431396484375,10.090668678283691,2.37268328666687,8.51132869720459,3.8948464842888284,0.7261123493687867,0.32171925039250243,0.8656180002600955,845918,0.8187919463087249,0.7271134750797668,0.9786390739279625,0.7647059041090652
SB033_SB_20240606_0103.jpg,SB033,SB,False,63.61509043768134,92.09578369035125,3.054455521945799,0.5907618532693139,0.3943502951866681,35.33744812011719,-23.51432228088379,40.99177932739258,9.727789878845215,2.569222927093506,7.9829230308532715,4.234613352178326,0.6699465473304271,0.27359008435624255,0.8923597935113998,647960,0.8819938962360122,0.7602835281680143,0.9944732726483015,0.8487451636161236
SB034_SB_20240606_0104.jpg,SB034,SB,False,50.88766971172474,75.0584579250732,5.437862574279046,0.5885926688578836,0.3813073903258644,28.583831787109375,-20.429214477539062,34.09550476074219,9.797056198120117,2.4234652519226074,7.50920295715332,4.020533246553026,0.7152336785095332,0.3322386791058406,0.871758453464569,751053,0.8083989501312336,0.7111355398756973,0.9856985366493864,0.768981228334438
SB035_SB_20240606_0105.jpg,SB035,SB,False,59.31693722733375,85.44803231777149,6.8852820778102375,0.5800871699882303,0.38615577799107037,32.76211929321289,-21.883779525756836,37.588008880615234,10.445926666259766,2.8631839752197266,7.63369607925415,4.722372053575155,0.679296031462199,0.31913276422249487,0.8826273537311252,668858,0.7589605734767025,0.7075975507060551,0.9698204363813523,0.7441589141761296
SB036_SB_20240606_0106.jpg,SB036,SB,False,54.245216291225496,75.24598293075728,8.691716094147669,0.5657801628437641,0.3885083253174002,28.80747413635254,-18.830076217651367,33.178157806396484,11.392813682556152,2.484983205795288,7.903330326080322,6.542586670856476,0.6186909130022294,0.23287286866473544,0.7953661640113424,738287,1.0193340494092373,0.8356209657064534,0.9883637960371041,0.8225290538853594
SB037_SB_20240606_0107.jpg,SB037,SB,False,48.2068917800963,69.32323725292973,8.382232068992197,0.5728801354414608,0.3752720370902811,26.316669464111328,-18.445558547973633,30.652568817138672,10.969250679016113,2.5926952362060547,8.107035636901855,4.668351381173088,0.7116088481290801,0.3437305969043923,0.852614517731453,672076,0.7133047210300429,0.694210915025591,0.9706203902550334,0.7188731174055756
SB038_SB_20240606_0108.jpg,SB038,SB,False,52.81857568720722,77.9949892730589,6.171369111230746,0.5855010363865655,0.38056856574857445,29.75604248046875,-21.00844955444336,34.99544906616211,9.740808486938477,2.60750675201416,7.3242716789245605,4.355021920201798,0.6941164169861411,0.32070814700311345,0.867306848559294,622265,0.8077294685990338,0.7191653375863902,0.9907242740303555,0.8010122608576558
SB039_SB_20240606_0109.jpg,SB039,SB,False,51.25330161208382,75.00821035153588,6.833475831133911,0.5813677678241934,0.3799202320664107,28.58816909790039,-20.1259822845459,33.61174774169922,9.948966026306152,2.698164701461792,7.374115943908691,4.1586425519863255,0.7125308500843127,0.3277744504607756,0.8693985591746156,807030,0.829477292202228,0.7144033227814485,0.9572321717687499,0.7423183189854529
SB040_SB_20240606_0110.jpg,SB040,SB,False,73.46777137059863,99.95063670128098,4.2792360750747775,0.5721655944736744,0.4096121367180753,38.62047576904297,-23.092313766479492,43.64776611328125,10.379611015319824,2.6802237033843994,8.153891563415527,4.937802054252581,0.647208485787936,0.33330714369827696,0.9069006385225021,686036,0.7604166666666666,0.6798143391679351,0.9748983942020748,0.7521029266170466
SB041_SB_20240715_0111.jpg,SB041,SB,False,79.40171809896233,100.90554349764204,32.632700241636485,0.4772739206530223,0.3710910492826175,39.559059143066406,-19.348299026489258,34.56903839111328,9.41851806640625,2.7870264053344727,7.112247943878174,4.167357228721164,0.6900651730112708,0.3125659998707857,0.9246487135553461,975846,0.7252906976744186,0.7106116302372186,0.979837859439356,0.7472289695227052
SB042_SB_20240715_0112.jpg,SB042,SB,False,76.94787932023519,98.71624480137675,47.82819574481162,0.4434221905151076,0.3414621011509716,38.884315490722656,-17.659900665283203,25.974184036254883,8.420903205871582,2.393526315689087,6.1233930587768555,3.823153498079434,0.707858410600459,0.30851650998447167,0.9250730411634774,780976,0.7843642611683849,0.7348757730076821,0.9905708958536802,0.823053320115352
SB043_SB_20240715_0113.jpg,SB043,SB,False,65.50612819606313,84.32215631273311,44.321574014833914,0.43668164622846656,0.3321819738118099,33.18017578125,-15.140816688537598,20.76991081237793,10.406868934631348,2.375964403152466,6.971758842468262,5.07998415076779,0.7010754799732781,0.3217136202556896,0.887320371771507,817451,0.8096040438079192,0.7166178519111394,0.9866543231930168,0.7608975857304858
SB044_SB_20240715_0114.jpg,SB044,SB,False,62.75353830717056,80.8879829128353,44.39311914534665,0.431981539554648,0.32860280621434934,31.856168746948242,-14.390105247497559,18.988840103149414,9.83000659942627,2.411864757537842,6.674933433532715,4.162622595403198,0.7421495568942069,0.34991209466257545,0.9010639773026778,813242,0.6762699014404853,0.6912102183676314,0.9933296934297297,0.7967627931816001
SB045_SB_20240715_0115.jpg,SB045,SB,False,90.21639884260881,110.0284509913037,34.86838971143208,0.47076689848085795,0.3830668271435329,43.325775146484375,-19.22028160095215,37.82286834716797,8.936210632324219,2.4547572135925293,6.259649753570557,5.238747606839898,0.6340627271077971,0.29265968397344355,0.9157340638952507,756529,0.8279569892473119,0.733650832441155,0.9818688927565123,0.7428389352706253
SB046_SB_20240715_0116.jpg,SB046,SB,False,64.7323473994478,83.97584018916498,41.470178298261324,0.44385047163160013,0.33634776651460635,33.01169967651367,-15.69881534576416,22.18194007873535,9.298127174377441,2.348219394683838,6.383326530456543,4.246444286674469,0.7293471384832613,0.3073530354419316,0.8921227558400945,857664,0.8159457167090755,0.7561854279411532,0.9931551978693223,0.8224999031780081
SB047_SB_20240715_0117.jpg,SB047,SB,False,68.14383021819482,87.58987029522821,45.444511636746896,0.4376398091315792,0.3342772901603994,34.512699127197266,-15.680227279663086,21.829893112182617,9.683564186096191,2.1595451831817627,6.361154556274414,4.703771760992596,0.7102653953883338,0.3079895740962926,0.8945741607848077,752401,0.822841726618705,0.7394749773951331,0.9827368217570642,0.7902237836721968
SB048_SB_20240715_0118.jpg,SB048,SB,False,67.88215379208917,87.51130978816543,44.205098086418985,0.4401513596398182,0.33601583147098024,34.46863555908203,-15.90099048614502,22.448074340820312,9.135894775390625,2.3271546363830566,6.537056922912598,3.9934283051966513,0.7307473434442131,0.315467712772934,0.9083289157936536,722781,0.7722859664607238,0.7290692220400958,0.9837449164584252,0.7756324299781665
SB049_SB_20240715_0119.jpg,SB049,SB,False,62.422191805909655,82.58833491573128,39.412209686203255,0.45018779225822575,0.33360031261441747,32.31918716430664,-16.17894172668457,22.46346092224121,9.778196334838867,2.8171586990356445,7.180753707885742,3.9905715649678664,0.7366477341906932,0.3125220457675235,0.9005116426509032,1037455,0.7932584269662921,0.7338242211400056,0.9865556351173885,0.7754297987337093
SB050_SB_20240715_0120.jpg,SB050,SB,False,68.7521200933189,88.15358969833677,43.21379996212624,0.4431288873875438,0.3396974197529961,34.72276306152344,-16.035863876342773,23.381492614746094,9.318005561828613,2.164382219314575,6.068863868713379,4.55577579996751,0.715605351057188,0.31689599807069474,0.8986114609101656,776263,0.8072916666666666,0.7245585050776583,0.9818048211026638,0.7650804278755281
SB051_SB_20240715_0121.jpg,SB051,SB,False,62.254065381482135,81.16180818734455,40.22278539351248,0.44431103595401783,0.33454438948376714,31.846323013305664,-15.369386672973633,21.43355941772461,9.568397521972656,2.456017017364502,6.5969648361206055,4.389093884267624,0.7089397588455973,0.29189516360220946,0.8824084363778409,924329,0.8741496598639455,0.7645856494348712,0.9966627993237182,0.8402257360198029
SB052_SB_20240715_0122.jpg,SB052,SB,False,66.5663809960829,86.21110639734721,41.82221675260696,0.44475623554668764,0.3381936977824896,33.896141052246094,-16.072336196899414,23.072622299194336,9.232358932495117,2.633579730987549,6.755364894866943,4.262005198060707,0.7118307458472972,0.28853914782750817,0.893705308500905,808507,0.8561151079136691,0.7637338658484977,0.9918469293494595,0.8000659541483128
SB053_SB_20240715_0123.jpg,SB053,SB,False,65.56896330856672,84.90512277673648,40.56423472988219,0.4471892747759449,0.33901426960378866,33.34741973876953,-15.970199584960938,23.15106964111328,9.717334747314453,2.3964524269104004,6.493403434753418,4.719016186545819,0.7023341362949765,0.30291346954695186,0.8874901831913504,889908,0.8208092485549133,0.7392895772654091,0.9919532017206036,0.7942045644728019
SB054_SB_20240715_0124.jpg,SB054,SB,False,63.09117471064846,82.49125341642363,43.55476789882535,0.43797460293382423,0.32838991423908004,32.3986701965332,-15.261174201965332,20.179311752319336,9.869525909423828,2.6083109378814697,6.8425822257995605,3.997124206019203,0.7394261629893015,0.3170570816832313,0.9036057595250846,927505,0.6963890935887989,0.7232769141391101,0.9917103088131831,0.7862958706011621
SB055_SB_20250325_0125.jpg,SB055,SB,False,106.78665762835902,129.43608466142118,46.76568695633817,0.4594165119810155,0.37724016887223283,50.827701568603516,-21.13983154296875,40.62554168701172,6.086507320404053,1.7325937747955322,5.548269748687744,3.0736519353637104,0.7033909198516076,0.29447709948099016,0.9548800434805818,852667,0.8133680555555556,0.7899277762955057,0.9938260812807996,0.8424270971311436
SB056_SB_20240606_0126.jpg,SB056,SB,False,47.75954568510796,70.2329869292641,4.610796412856347,0.5932089893384588,0.3817444194135586,26.610673904418945,-19.371469497680664,32.377933502197266,10.413298606872559,2.4950685501098633,8.115829467773438,4.323924776521663,0.7277246290842692,0.36604145517356995,0.858385594822021,800414,1.3207150368033649,0.6701075636105474,0.9560446910825667,0.7041322185246566
SB057_SB_20240606_0127.jpg,SB057,SB,False,65.4054867615304,93.38868586934787,3.4742497708481235,0.5881676312572908,0.39578220779534506,35.84736633300781,-23.369083404541016,41.377159118652344,10.958556175231934,2.566748857498169,8.856729507446289,5.334291913947738,0.6312696128224913,0.2729250137986483,0.8791767592701982,745139,0.8411819021237303,0.7552495253964827,0.9940872845934541,0.8333505303754428
SB058_SB_20240606_0128.jpg,SB058,SB,False,47.93015640623593,72.0576726345664,4.160524802615931,0.5977327654223986,0.37892239623379814,27.326061248779297,-20.262788772583008,33.29392623901367,9.495420455932617,2.3555805683135986,7.483002185821533,3.7558464454651492,0.7279444621013189,0.325795171908317,0.8660109834650302,866078,0.7775974025974026,0.7338052083615758,0.9894743576707632,0.7951871874734268
SB059_SB_20240606_0129.jpg,SB059,SB,False,47.727313037607956,71.15372006646223,7.245557767088242,0.5851187904459403,0.37184087490440826,26.97667121887207,-19.721532821655273,31.845163345336914,10.15739917755127,2.3041346073150635,7.369637966156006,4.2533282238717955,0.7149600285294905,0.32452990094261264,0.8564236805501378,802862,0.8006843455945253,0.7337541035145826,0.971053284066788,0.7557858738330998
SB060_SB_20240606_0130.jpg,SB060,SB,False,47.653654373118904,71.54072380538067,3.477053331410373,0.6017126975463802,0.37801901481936606,27.09098243713379,-20.133710861206055,33.173431396484375,10.090668678283691,2.37268328666687,8.51132869720459,3.8948464842888284,0.7261123493687867,0.32171925039250243,0.8656180002600955,845918,0.8187919463087249,0.7271134750797668,0.9786390739279625,0.7647059041090652
SB061_SB_20240606_0131.jpg,SB061,SB,False,63.61509043768134,92.09578369035125,3.054455521945799,0.5907618532693139,0.3943502951866681,35.33744812011719,-23.51432228088379,40.99177932739258,9.727789878845215,2.569222927093506,7.9829230308532715,4.234613352178326,0.6699465473304271,0.27359008435624255,0.8923597935113998,647960,0.8819938962360122,0.7602835281680143,0.9944732726483015,0.8487451636161236
SB062_SB_20240606_0132.jpg,SB062,SB,False,50.88766971172474,75.0584579250732,5.437862574279046,0.5885926688578836,0.3813073903258644,28.583831787109375,-20.429214477539062,34.09550476074219,9.797056198120117,2.4234652519226074,7.50920295715332,4.020533246553026,0.7152336785095332,0.3322386791058406,0.871758453464569,751053,0.8083989501312336,0.7111355398756973,0.9856985366493864,0.768981228334438
SB063_SB_20240606_0133.jpg,SB063,SB,False,59.31693722733375,85.44803231777149,6.8852820778102375,0.5800871699882303,0.38615577799107037,32.76211929321289,-21.883779525756836,37.588008880615234,10.445926666259766,2.8631839752197266,7.63369607925415,4.722372053575155,0.679296031462199,0.31913276422249487,0.8826273537311252,668858,0.7589605734767025,0.7075975507060551,0.9698204363813523,0.7441589141761296
SB064_SB_20240606_0134.jpg,SB064,SB,False,54.245216291225496,75.24598293075728,8.691716094147669,0.5657801628437641,0.3885083253174002,28.80747413635254,-18.830076217651367,33.178157806396484,11.392813682556152,2.484983205795288,7.903330326080322,6.542586670856476,0.6186909130022294,0.23287286866473544,0.7953661640113424,738287,1.0193340494092373,0.8356209657064534,0.9883637960371041,0.8225290538853594
SB065_SB_20240606_0135.jpg,SB065,SB,False,48.2068917800963,69.32323725292973,8.382232068992197,0.5728801354414608,0.3752720370902811,26.316669464111328,-18.445558547973633,30.652568817138672,10.969250679016113,2.5926952362060547,8.107035636901855,4.668351381173088,0.7116088481290801,0.3437305969043923,0.852614517731453,672076,0.7133047210300429,0.694210915025591,0.9706203902550334,0.7188731174055756
SB066_SB_20240606_0136.jpg,SB066,SB,False,49.68528464790369,72.56754866846214,3.8056716715666767,0.591012521468322,0.3880111212997562,27.591665267944336,-19.737716674804688,33.73152160644531,9.984003067016602,2.6032936573028564,7.878876686096191,3.7504874415361793,0.7349145828134684,0.34526878870826166,0.8753753243735465,972447,0.785876993166287,0.7134110241765981,0.9878033915246421,0.7970293538412029
SB067_SB_20240606_0137.jpg,SB067,SB,False,52.81857568720722,77.9949892730589,6.171369111230746,0.5855010363865655,0.38056856574857445,29.75604248046875,-21.00844955444336,34.99544906616211,9.740808486938477,2.60750675201416,7.3242716789245605,4.355021920201798,0.6941164169861411,0.32070814700311345,0.867306848559294,622265,0.8077294685990338,0.7191653375863902,0.9907242740303555,0.8010122608576558
SB068_SB_20240606_0138.jpg,SB068,SB,False,51.25330161208382,75.00821035153588,6.833475831133911,0.5813677678241934,0.3799202320664107,28.58816909790039,-20.1259822845459,33.61174774169922,9.948966026306152,2.698164701461792,7.374115943908691,4.1586425519863255,0.7125308500843127,0.3277744504607756,0.8693985591746156,807030,0.829477292202228,0.7144033227814485,0.9572321717687499,0.7423183189854529
SB069_SB_20240606_0139.jpg,SB069,SB,False,73.46777137059863,99.95063670128098,4.2792360750747775,0.5721655944736744,0.4096121367180753,38.62047576904297,-23.092313766479492,43.64776611328125,10.379611015319824,2.6802237033843994,8.153891563415527,4.937802054252581,0.647208485787936,0.33330714369827696,0.9069006385225021,686036,0.7604166666666666,0.6798143391679351,0.9748983942020748,0.7521029266170466
SB070_SB_20240606_0140.jpg,SB070,SB,False,47.80361482825693,71.84268589263796,4.703360566788884,0.5961454486964366,0.37598988341785994,27.209972381591797,-20.177587509155273,32.938880920410156,10.154449462890625,2.557360887527466,8.138508796691895,2.6060229352938027,0.7597046114188007,0.37446258275655214,0.9148616259712969,1265233,0.7435736677115987,0.6688444601859732,0.9709207160929058,0.7619493923664931
